car_id,buying,maint,doors,persons,lug_boot,junk_feature,safety,class
1000,vhigh,vhigh,2,2,small,8,low,unacc
1001,vhigh,vhigh,2,2,small,10,med,unacc
1002,vhigh,vhigh,2,2,small,3,high,unacc
1003,vhigh,vhigh,2,2,med,6,low,unacc
1004,vhigh,vhigh,2,2,med,4,med,unacc
1005,vhigh,vhigh,2,2,med,5,high,unacc
1006,vhigh,vhigh,2,2,big,2,low,unacc
1007,vhigh,vhigh,2,2,big,1,med,unacc
1008,vhigh,vhigh,2,2,big,8,high,unacc
1009,vhigh,vhigh,2,4,small,4,low,unacc
1010,vhigh,vhigh,2,4,small,5,med,unacc
1011,vhigh,vhigh,2,4,small,5,high,unacc
1012,vhigh,vhigh,2,4,med,8,low,unacc
1013,vhigh,vhigh,2,4,med,1,med,unacc
1014,vhigh,vhigh,2,4,med,10,high,unacc
1015,vhigh,vhigh,2,4,big,7,low,unacc
1016,vhigh,vhigh,2,4,big,4,med,unacc
1017,vhigh,vhigh,2,4,big,9,high,unacc
1018,vhigh,vhigh,2,more,small,9,low,unacc
1019,vhigh,vhigh,2,more,small,8,med,unacc
1020,vhigh,vhigh,2,more,small,8,high,unacc
1021,vhigh,vhigh,2,more,med,10,low,unacc
1022,vhigh,vhigh,2,more,med,5,med,unacc
1023,vhigh,vhigh,2,more,med,6,high,unacc
1024,vhigh,vhigh,2,more,big,5,low,unacc
1025,vhigh,vhigh,2,more,big,10,med,unacc
1026,vhigh,vhigh,2,more,big,2,high,unacc
1027,vhigh,vhigh,3,2,small,8,low,unacc
1028,vhigh,vhigh,3,2,small,8,med,unacc
1029,vhigh,vhigh,3,2,small,6,high,unacc
1030,vhigh,vhigh,3,2,med,3,low,unacc
1031,vhigh,vhigh,3,2,med,10,med,unacc
1032,vhigh,vhigh,3,2,med,3,high,unacc
1033,vhigh,vhigh,3,2,big,5,low,unacc
1034,vhigh,vhigh,3,2,big,8,med,unacc
1035,vhigh,vhigh,3,2,big,1,high,unacc
1036,vhigh,vhigh,3,4,small,3,low,unacc
1037,vhigh,vhigh,3,4,small,3,med,unacc
1038,vhigh,vhigh,3,4,small,6,high,unacc
1039,vhigh,vhigh,3,4,med,10,low,unacc
1040,vhigh,vhigh,3,4,med,5,med,unacc
1041,vhigh,vhigh,3,4,med,6,high,unacc
1042,vhigh,vhigh,3,4,big,4,low,unacc
1043,vhigh,vhigh,3,4,big,8,med,unacc
1044,vhigh,vhigh,3,4,big,6,high,unacc
1045,vhigh,vhigh,3,more,small,7,low,unacc
1046,vhigh,vhigh,3,more,small,8,med,unacc
1047,vhigh,vhigh,3,more,small,2,high,unacc
1048,vhigh,vhigh,3,more,med,5,low,unacc
1049,vhigh,vhigh,3,more,med,10,med,unacc
1050,vhigh,vhigh,3,more,med,6,high,unacc
1051,vhigh,vhigh,3,more,big,4,low,unacc
1052,vhigh,vhigh,3,more,big,10,med,unacc
1053,vhigh,vhigh,3,more,big,9,high,unacc
1054,vhigh,vhigh,4,2,small,7,low,unacc
1055,vhigh,vhigh,4,2,small,5,med,unacc
1056,vhigh,vhigh,4,2,small,1,high,unacc
1057,vhigh,vhigh,4,2,med,6,low,unacc
1058,vhigh,vhigh,4,2,med,2,med,unacc
1059,vhigh,vhigh,4,2,med,4,high,unacc
1060,vhigh,vhigh,4,2,big,1,low,unacc
1061,vhigh,vhigh,4,2,big,8,med,unacc
1062,vhigh,vhigh,4,2,big,1,high,unacc
1063,vhigh,vhigh,4,4,small,1,low,unacc
1064,vhigh,vhigh,4,4,small,1,med,unacc
1065,vhigh,vhigh,4,4,small,7,high,unacc
1066,vhigh,vhigh,4,4,med,9,low,unacc
1067,vhigh,vhigh,4,4,med,4,med,unacc
1068,vhigh,vhigh,4,4,med,6,high,unacc
1069,vhigh,vhigh,4,4,big,10,low,unacc
1070,vhigh,vhigh,4,4,big,6,med,unacc
1071,vhigh,vhigh,4,4,big,1,high,unacc
1072,vhigh,vhigh,4,more,small,9,low,unacc
1073,vhigh,vhigh,4,more,small,4,med,unacc
1074,vhigh,vhigh,4,more,small,5,high,unacc
1075,vhigh,vhigh,4,more,med,6,low,unacc
1076,vhigh,vhigh,4,more,med,3,med,unacc
1077,vhigh,vhigh,4,more,med,2,high,unacc
1078,vhigh,vhigh,4,more,big,5,low,unacc
1079,vhigh,vhigh,4,more,big,10,med,unacc
1080,vhigh,vhigh,4,more,big,9,high,unacc
1081,vhigh,vhigh,5more,2,small,8,low,unacc
1082,vhigh,vhigh,5more,2,small,8,med,unacc
1083,vhigh,vhigh,5more,2,small,4,high,unacc
1084,vhigh,vhigh,5more,2,med,9,low,unacc
1085,vhigh,vhigh,5more,2,med,2,med,unacc
1086,vhigh,vhigh,5more,2,med,2,high,unacc
1087,vhigh,vhigh,5more,2,big,5,low,unacc
1088,vhigh,vhigh,5more,2,big,5,med,unacc
1089,vhigh,vhigh,5more,2,big,1,high,unacc
1090,vhigh,vhigh,5more,4,small,2,low,unacc
1091,vhigh,vhigh,5more,4,small,5,med,unacc
1092,vhigh,vhigh,5more,4,small,6,high,unacc
1093,vhigh,vhigh,5more,4,med,1,low,unacc
1094,vhigh,vhigh,5more,4,med,4,med,unacc
1095,vhigh,vhigh,5more,4,med,1,high,unacc
1096,vhigh,vhigh,5more,4,big,7,low,unacc
1097,vhigh,vhigh,5more,4,big,8,med,unacc
1098,vhigh,vhigh,5more,4,big,9,high,unacc
1099,vhigh,vhigh,5more,more,small,3,low,unacc
1100,vhigh,vhigh,5more,more,small,5,med,unacc
1101,vhigh,vhigh,5more,more,small,3,high,unacc
1102,vhigh,vhigh,5more,more,med,1,low,unacc
1103,vhigh,vhigh,5more,more,med,4,med,unacc
1104,vhigh,vhigh,5more,more,med,10,high,unacc
1105,vhigh,vhigh,5more,more,big,5,low,unacc
1106,vhigh,vhigh,5more,more,big,6,med,unacc
1107,vhigh,vhigh,5more,more,big,1,high,unacc
1108,vhigh,high,2,2,small,3,low,unacc
1109,vhigh,high,2,2,small,7,med,unacc
1110,vhigh,high,2,2,small,6,high,unacc
1111,vhigh,high,2,2,med,4,low,unacc
1112,vhigh,high,2,2,med,1,med,unacc
1113,vhigh,high,2,2,med,4,high,unacc
1114,vhigh,high,2,2,big,1,low,unacc
1115,vhigh,high,2,2,big,7,med,unacc
1116,vhigh,high,2,2,big,10,high,unacc
1117,vhigh,high,2,4,small,8,low,unacc
1118,vhigh,high,2,4,small,8,med,unacc
1119,vhigh,high,2,4,small,6,high,unacc
1120,vhigh,high,2,4,med,2,low,unacc
1121,vhigh,high,2,4,med,2,med,unacc
1122,vhigh,high,2,4,med,4,high,unacc
1123,vhigh,high,2,4,big,5,low,unacc
1124,vhigh,high,2,4,big,4,med,unacc
1125,vhigh,high,2,4,big,5,high,unacc
1126,vhigh,high,2,more,small,1,low,unacc
1127,vhigh,high,2,more,small,2,med,unacc
1128,vhigh,high,2,more,small,10,high,unacc
1129,vhigh,high,2,more,med,9,low,unacc
1130,vhigh,high,2,more,med,2,med,unacc
1131,vhigh,high,2,more,med,8,high,unacc
1132,vhigh,high,2,more,big,8,low,unacc
1133,vhigh,high,2,more,big,6,med,unacc
1134,vhigh,high,2,more,big,4,high,unacc
1135,vhigh,high,3,2,small,6,low,unacc
1136,vhigh,high,3,2,small,6,med,unacc
1137,vhigh,high,3,2,small,6,high,unacc
1138,vhigh,high,3,2,med,6,low,unacc
1139,vhigh,high,3,2,med,5,med,unacc
1140,vhigh,high,3,2,med,7,high,unacc
1141,vhigh,high,3,2,big,2,low,unacc
1142,vhigh,high,3,2,big,2,med,unacc
1143,vhigh,high,3,2,big,9,high,unacc
1144,vhigh,high,3,4,small,5,low,unacc
1145,vhigh,high,3,4,small,8,med,unacc
1146,vhigh,high,3,4,small,8,high,unacc
1147,vhigh,high,3,4,med,1,low,unacc
1148,vhigh,high,3,4,med,6,med,unacc
1149,vhigh,high,3,4,med,5,high,unacc
1150,vhigh,high,3,4,big,6,low,unacc
1151,vhigh,high,3,4,big,4,med,unacc
1152,vhigh,high,3,4,big,2,high,unacc
1153,vhigh,high,3,more,small,5,low,unacc
1154,vhigh,high,3,more,small,5,med,unacc
1155,vhigh,high,3,more,small,5,high,unacc
1156,vhigh,high,3,more,med,4,low,unacc
1157,vhigh,high,3,more,med,2,med,unacc
1158,vhigh,high,3,more,med,9,high,unacc
1159,vhigh,high,3,more,big,5,low,unacc
1160,vhigh,high,3,more,big,2,med,unacc
1161,vhigh,high,3,more,big,3,high,unacc
1162,vhigh,high,4,2,small,4,low,unacc
1163,vhigh,high,4,2,small,5,med,unacc
1164,vhigh,high,4,2,small,6,high,unacc
1165,vhigh,high,4,2,med,6,low,unacc
1166,vhigh,high,4,2,med,10,med,unacc
1167,vhigh,high,4,2,med,10,high,unacc
1168,vhigh,high,4,2,big,9,low,unacc
1169,vhigh,high,4,2,big,6,med,unacc
1170,vhigh,high,4,2,big,9,high,unacc
1171,vhigh,high,4,4,small,4,low,unacc
1172,vhigh,high,4,4,small,2,med,unacc
1173,vhigh,high,4,4,small,8,high,unacc
1174,vhigh,high,4,4,med,1,low,unacc
1175,vhigh,high,4,4,med,2,med,unacc
1176,vhigh,high,4,4,med,9,high,unacc
1177,vhigh,high,4,4,big,4,low,unacc
1178,vhigh,high,4,4,big,9,med,unacc
1179,vhigh,high,4,4,big,3,high,unacc
1180,vhigh,high,4,more,small,2,low,unacc
1181,vhigh,high,4,more,small,6,med,unacc
1182,vhigh,high,4,more,small,3,high,unacc
1183,vhigh,high,4,more,med,4,low,unacc
1184,vhigh,high,4,more,med,7,med,unacc
1185,vhigh,high,4,more,med,4,high,unacc
1186,vhigh,high,4,more,big,3,low,unacc
1187,vhigh,high,4,more,big,6,med,unacc
1188,vhigh,high,4,more,big,7,high,unacc
1189,vhigh,high,5more,2,small,4,low,unacc
1190,vhigh,high,5more,2,small,7,med,unacc
1191,vhigh,high,5more,2,small,6,high,unacc
1192,vhigh,high,5more,2,med,8,low,unacc
1193,vhigh,high,5more,2,med,9,med,unacc
1194,vhigh,high,5more,2,med,4,high,unacc
1195,vhigh,high,5more,2,big,9,low,unacc
1196,vhigh,high,5more,2,big,4,med,unacc
1197,vhigh,high,5more,2,big,6,high,unacc
1198,vhigh,high,5more,4,small,3,low,unacc
1199,vhigh,high,5more,4,small,10,med,unacc
1200,vhigh,high,5more,4,small,5,high,unacc
1201,vhigh,high,5more,4,med,4,low,unacc
1202,vhigh,high,5more,4,med,7,med,unacc
1203,vhigh,high,5more,4,med,9,high,unacc
1204,vhigh,high,5more,4,big,3,low,unacc
1205,vhigh,high,5more,4,big,7,med,unacc
1206,vhigh,high,5more,4,big,6,high,unacc
1207,vhigh,high,5more,more,small,2,low,unacc
1208,vhigh,high,5more,more,small,1,med,unacc
1209,vhigh,high,5more,more,small,2,high,unacc
1210,vhigh,high,5more,more,med,8,low,unacc
1211,vhigh,high,5more,more,med,10,med,unacc
1212,vhigh,high,5more,more,med,1,high,unacc
1213,vhigh,high,5more,more,big,10,low,unacc
1214,vhigh,high,5more,more,big,9,med,unacc
1215,vhigh,high,5more,more,big,10,high,unacc
1216,vhigh,med,2,2,small,10,low,unacc
1217,vhigh,med,2,2,small,2,med,unacc
1218,vhigh,med,2,2,small,3,high,unacc
1219,vhigh,med,2,2,med,7,low,unacc
1220,vhigh,med,2,2,med,5,med,unacc
1221,vhigh,med,2,2,med,9,high,unacc
1222,vhigh,med,2,2,big,8,low,unacc
1223,vhigh,med,2,2,big,7,med,unacc
1224,vhigh,med,2,2,big,1,high,unacc
1225,vhigh,med,2,4,small,10,low,unacc
1226,vhigh,med,2,4,small,10,med,unacc
1227,vhigh,med,2,4,small,2,high,acc
1228,vhigh,med,2,4,med,8,low,unacc
1229,vhigh,med,2,4,med,1,med,unacc
1230,vhigh,med,2,4,med,7,high,acc
1231,vhigh,med,2,4,big,9,low,unacc
1232,vhigh,med,2,4,big,7,med,acc
1233,vhigh,med,2,4,big,8,high,acc
1234,vhigh,med,2,more,small,9,low,unacc
1235,vhigh,med,2,more,small,9,med,unacc
1236,vhigh,med,2,more,small,7,high,unacc
1237,vhigh,med,2,more,med,6,low,unacc
1238,vhigh,med,2,more,med,7,med,unacc
1239,vhigh,med,2,more,med,3,high,acc
1240,vhigh,med,2,more,big,1,low,unacc
1241,vhigh,med,2,more,big,10,med,acc
1242,vhigh,med,2,more,big,7,high,acc
1243,vhigh,med,3,2,small,5,low,unacc
1244,vhigh,med,3,2,small,2,med,unacc
1245,vhigh,med,3,2,small,6,high,unacc
1246,vhigh,med,3,2,med,2,low,unacc
1247,vhigh,med,3,2,med,8,med,unacc
1248,vhigh,med,3,2,med,9,high,unacc
1249,vhigh,med,3,2,big,1,low,unacc
1250,vhigh,med,3,2,big,4,med,unacc
1251,vhigh,med,3,2,big,9,high,unacc
1252,vhigh,med,3,4,small,6,low,unacc
1253,vhigh,med,3,4,small,2,med,unacc
1254,vhigh,med,3,4,small,9,high,acc
1255,vhigh,med,3,4,med,5,low,unacc
1256,vhigh,med,3,4,med,4,med,unacc
1257,vhigh,med,3,4,med,5,high,acc
1258,vhigh,med,3,4,big,7,low,unacc
1259,vhigh,med,3,4,big,1,med,acc
1260,vhigh,med,3,4,big,10,high,acc
1261,vhigh,med,3,more,small,3,low,unacc
1262,vhigh,med,3,more,small,8,med,unacc
1263,vhigh,med,3,more,small,10,high,acc
1264,vhigh,med,3,more,med,4,low,unacc
1265,vhigh,med,3,more,med,1,med,acc
1266,vhigh,med,3,more,med,5,high,acc
1267,vhigh,med,3,more,big,5,low,unacc
1268,vhigh,med,3,more,big,2,med,acc
1269,vhigh,med,3,more,big,2,high,acc
1270,vhigh,med,4,2,small,8,low,unacc
1271,vhigh,med,4,2,small,3,med,unacc
1272,vhigh,med,4,2,small,5,high,unacc
1273,vhigh,med,4,2,med,1,low,unacc
1274,vhigh,med,4,2,med,7,med,unacc
1275,vhigh,med,4,2,med,8,high,unacc
1276,vhigh,med,4,2,big,7,low,unacc
1277,vhigh,med,4,2,big,7,med,unacc
1278,vhigh,med,4,2,big,2,high,unacc
1279,vhigh,med,4,4,small,10,low,unacc
1280,vhigh,med,4,4,small,6,med,unacc
1281,vhigh,med,4,4,small,2,high,acc
1282,vhigh,med,4,4,med,4,low,unacc
1283,vhigh,med,4,4,med,8,med,acc
1284,vhigh,med,4,4,med,4,high,acc
1285,vhigh,med,4,4,big,10,low,unacc
1286,vhigh,med,4,4,big,4,med,acc
1287,vhigh,med,4,4,big,9,high,acc
1288,vhigh,med,4,more,small,4,low,unacc
1289,vhigh,med,4,more,small,8,med,unacc
1290,vhigh,med,4,more,small,7,high,acc
1291,vhigh,med,4,more,med,7,low,unacc
1292,vhigh,med,4,more,med,10,med,acc
1293,vhigh,med,4,more,med,6,high,acc
1294,vhigh,med,4,more,big,4,low,unacc
1295,vhigh,med,4,more,big,6,med,acc
1296,vhigh,med,4,more,big,6,high,acc
1297,vhigh,med,5more,2,small,1,low,unacc
1298,vhigh,med,5more,2,small,4,med,unacc
1299,vhigh,med,5more,2,small,7,high,unacc
1300,vhigh,med,5more,2,med,9,low,unacc
1301,vhigh,med,5more,2,med,1,med,unacc
1302,vhigh,med,5more,2,med,2,high,unacc
1303,vhigh,med,5more,2,big,3,low,unacc
1304,vhigh,med,5more,2,big,4,med,unacc
1305,vhigh,med,5more,2,big,3,high,unacc
1306,vhigh,med,5more,4,small,7,low,unacc
1307,vhigh,med,5more,4,small,6,med,unacc
1308,vhigh,med,5more,4,small,5,high,acc
1309,vhigh,med,5more,4,med,8,low,unacc
1310,vhigh,med,5more,4,med,7,med,acc
1311,vhigh,med,5more,4,med,7,high,acc
1312,vhigh,med,5more,4,big,10,low,unacc
1313,vhigh,med,5more,4,big,6,med,acc
1314,vhigh,med,5more,4,big,2,high,acc
1315,vhigh,med,5more,more,small,3,low,unacc
1316,vhigh,med,5more,more,small,10,med,unacc
1317,vhigh,med,5more,more,small,2,high,acc
1318,vhigh,med,5more,more,med,5,low,unacc
1319,vhigh,med,5more,more,med,10,med,acc
1320,vhigh,med,5more,more,med,2,high,acc
1321,vhigh,med,5more,more,big,4,low,unacc
1322,vhigh,med,5more,more,big,9,med,acc
1323,vhigh,med,5more,more,big,8,high,acc
1324,vhigh,low,2,2,small,3,low,unacc
1325,vhigh,low,2,2,small,3,med,unacc
1326,vhigh,low,2,2,small,8,high,unacc
1327,vhigh,low,2,2,med,5,low,unacc
1328,vhigh,low,2,2,med,1,med,unacc
1329,vhigh,low,2,2,med,2,high,unacc
1330,vhigh,low,2,2,big,8,low,unacc
1331,vhigh,low,2,2,big,3,med,unacc
1332,vhigh,low,2,2,big,4,high,unacc
1333,vhigh,low,2,4,small,10,low,unacc
1334,vhigh,low,2,4,small,10,med,unacc
1335,vhigh,low,2,4,small,7,high,acc
1336,vhigh,low,2,4,med,7,low,unacc
1337,vhigh,low,2,4,med,5,med,unacc
1338,vhigh,low,2,4,med,7,high,acc
1339,vhigh,low,2,4,big,10,low,unacc
1340,vhigh,low,2,4,big,9,med,acc
1341,vhigh,low,2,4,big,9,high,acc
1342,vhigh,low,2,more,small,1,low,unacc
1343,vhigh,low,2,more,small,10,med,unacc
1344,vhigh,low,2,more,small,8,high,unacc
1345,vhigh,low,2,more,med,6,low,unacc
1346,vhigh,low,2,more,med,8,med,unacc
1347,vhigh,low,2,more,med,5,high,acc
1348,vhigh,low,2,more,big,8,low,unacc
1349,vhigh,low,2,more,big,7,med,acc
1350,vhigh,low,2,more,big,4,high,acc
1351,vhigh,low,3,2,small,10,low,unacc
1352,vhigh,low,3,2,small,5,med,unacc
1353,vhigh,low,3,2,small,4,high,unacc
1354,vhigh,low,3,2,med,5,low,unacc
1355,vhigh,low,3,2,med,10,med,unacc
1356,vhigh,low,3,2,med,8,high,unacc
1357,vhigh,low,3,2,big,10,low,unacc
1358,vhigh,low,3,2,big,6,med,unacc
1359,vhigh,low,3,2,big,5,high,unacc
1360,vhigh,low,3,4,small,7,low,unacc
1361,vhigh,low,3,4,small,9,med,unacc
1362,vhigh,low,3,4,small,10,high,acc
1363,vhigh,low,3,4,med,10,low,unacc
1364,vhigh,low,3,4,med,9,med,unacc
1365,vhigh,low,3,4,med,7,high,acc
1366,vhigh,low,3,4,big,3,low,unacc
1367,vhigh,low,3,4,big,10,med,acc
1368,vhigh,low,3,4,big,6,high,acc
1369,vhigh,low,3,more,small,3,low,unacc
1370,vhigh,low,3,more,small,9,med,unacc
1371,vhigh,low,3,more,small,8,high,acc
1372,vhigh,low,3,more,med,2,low,unacc
1373,vhigh,low,3,more,med,1,med,acc
1374,vhigh,low,3,more,med,9,high,acc
1375,vhigh,low,3,more,big,3,low,unacc
1376,vhigh,low,3,more,big,1,med,acc
1377,vhigh,low,3,more,big,2,high,acc
1378,vhigh,low,4,2,small,9,low,unacc
1379,vhigh,low,4,2,small,2,med,unacc
1380,vhigh,low,4,2,small,4,high,unacc
1381,vhigh,low,4,2,med,4,low,unacc
1382,vhigh,low,4,2,med,8,med,unacc
1383,vhigh,low,4,2,med,7,high,unacc
1384,vhigh,low,4,2,big,4,low,unacc
1385,vhigh,low,4,2,big,10,med,unacc
1386,vhigh,low,4,2,big,5,high,unacc
1387,vhigh,low,4,4,small,4,low,unacc
1388,vhigh,low,4,4,small,1,med,unacc
1389,vhigh,low,4,4,small,10,high,acc
1390,vhigh,low,4,4,med,8,low,unacc
1391,vhigh,low,4,4,med,1,med,acc
1392,vhigh,low,4,4,med,1,high,acc
1393,vhigh,low,4,4,big,9,low,unacc
1394,vhigh,low,4,4,big,5,med,acc
1395,vhigh,low,4,4,big,6,high,acc
1396,vhigh,low,4,more,small,7,low,unacc
1397,vhigh,low,4,more,small,1,med,unacc
1398,vhigh,low,4,more,small,2,high,acc
1399,vhigh,low,4,more,med,1,low,unacc
1400,vhigh,low,4,more,med,4,med,acc
1401,vhigh,low,4,more,med,3,high,acc
1402,vhigh,low,4,more,big,6,low,unacc
1403,vhigh,low,4,more,big,4,med,acc
1404,vhigh,low,4,more,big,9,high,acc
1405,vhigh,low,5more,2,small,2,low,unacc
1406,vhigh,low,5more,2,small,4,med,unacc
1407,vhigh,low,5more,2,small,6,high,unacc
1408,vhigh,low,5more,2,med,9,low,unacc
1409,vhigh,low,5more,2,med,6,med,unacc
1410,vhigh,low,5more,2,med,2,high,unacc
1411,vhigh,low,5more,2,big,9,low,unacc
1412,vhigh,low,5more,2,big,2,med,unacc
1413,vhigh,low,5more,2,big,3,high,unacc
1414,vhigh,low,5more,4,small,5,low,unacc
1415,vhigh,low,5more,4,small,6,med,unacc
1416,vhigh,low,5more,4,small,4,high,acc
1417,vhigh,low,5more,4,med,8,low,unacc
1418,vhigh,low,5more,4,med,10,med,acc
1419,vhigh,low,5more,4,med,3,high,acc
1420,vhigh,low,5more,4,big,5,low,unacc
1421,vhigh,low,5more,4,big,9,med,acc
1422,vhigh,low,5more,4,big,3,high,acc
1423,vhigh,low,5more,more,small,6,low,unacc
1424,vhigh,low,5more,more,small,3,med,unacc
1425,vhigh,low,5more,more,small,4,high,acc
1426,vhigh,low,5more,more,med,4,low,unacc
1427,vhigh,low,5more,more,med,4,med,acc
1428,vhigh,low,5more,more,med,10,high,acc
1429,vhigh,low,5more,more,big,1,low,unacc
1430,vhigh,low,5more,more,big,7,med,acc
1431,vhigh,low,5more,more,big,5,high,acc
1432,high,vhigh,2,2,small,3,low,unacc
1433,high,vhigh,2,2,small,5,med,unacc
1434,high,vhigh,2,2,small,5,high,unacc
1435,high,vhigh,2,2,med,10,low,unacc
1436,high,vhigh,2,2,med,1,med,unacc
1437,high,vhigh,2,2,med,4,high,unacc
1438,high,vhigh,2,2,big,4,low,unacc
1439,high,vhigh,2,2,big,9,med,unacc
1440,high,vhigh,2,2,big,3,high,unacc
1441,high,vhigh,2,4,small,1,low,unacc
1442,high,vhigh,2,4,small,10,med,unacc
1443,high,vhigh,2,4,small,4,high,unacc
1444,high,vhigh,2,4,med,5,low,unacc
1445,high,vhigh,2,4,med,5,med,unacc
1446,high,vhigh,2,4,med,3,high,unacc
1447,high,vhigh,2,4,big,8,low,unacc
1448,high,vhigh,2,4,big,7,med,unacc
1449,high,vhigh,2,4,big,6,high,unacc
1450,high,vhigh,2,more,small,6,low,unacc
1451,high,vhigh,2,more,small,4,med,unacc
1452,high,vhigh,2,more,small,6,high,unacc
1453,high,vhigh,2,more,med,3,low,unacc
1454,high,vhigh,2,more,med,7,med,unacc
1455,high,vhigh,2,more,med,5,high,unacc
1456,high,vhigh,2,more,big,9,low,unacc
1457,high,vhigh,2,more,big,2,med,unacc
1458,high,vhigh,2,more,big,4,high,unacc
1459,high,vhigh,3,2,small,3,low,unacc
1460,high,vhigh,3,2,small,5,med,unacc
1461,high,vhigh,3,2,small,9,high,unacc
1462,high,vhigh,3,2,med,10,low,unacc
1463,high,vhigh,3,2,med,8,med,unacc
1464,high,vhigh,3,2,med,4,high,unacc
1465,high,vhigh,3,2,big,9,low,unacc
1466,high,vhigh,3,2,big,9,med,unacc
1467,high,vhigh,3,2,big,6,high,unacc
1468,high,vhigh,3,4,small,9,low,unacc
1469,high,vhigh,3,4,small,2,med,unacc
1470,high,vhigh,3,4,small,6,high,unacc
1471,high,vhigh,3,4,med,2,low,unacc
1472,high,vhigh,3,4,med,10,med,unacc
1473,high,vhigh,3,4,med,1,high,unacc
1474,high,vhigh,3,4,big,6,low,unacc
1475,high,vhigh,3,4,big,8,med,unacc
1476,high,vhigh,3,4,big,10,high,unacc
1477,high,vhigh,3,more,small,10,low,unacc
1478,high,vhigh,3,more,small,5,med,unacc
1479,high,vhigh,3,more,small,6,high,unacc
1480,high,vhigh,3,more,med,7,low,unacc
1481,high,vhigh,3,more,med,3,med,unacc
1482,high,vhigh,3,more,med,5,high,unacc
1483,high,vhigh,3,more,big,1,low,unacc
1484,high,vhigh,3,more,big,10,med,unacc
1485,high,vhigh,3,more,big,6,high,unacc
1486,high,vhigh,4,2,small,7,low,unacc
1487,high,vhigh,4,2,small,5,med,unacc
1488,high,vhigh,4,2,small,3,high,unacc
1489,high,vhigh,4,2,med,8,low,unacc
1490,high,vhigh,4,2,med,6,med,unacc
1491,high,vhigh,4,2,med,5,high,unacc
1492,high,vhigh,4,2,big,4,low,unacc
1493,high,vhigh,4,2,big,5,med,unacc
1494,high,vhigh,4,2,big,7,high,unacc
1495,high,vhigh,4,4,small,10,low,unacc
1496,high,vhigh,4,4,small,2,med,unacc
1497,high,vhigh,4,4,small,9,high,unacc
1498,high,vhigh,4,4,med,5,low,unacc
1499,high,vhigh,4,4,med,3,med,unacc
1500,high,vhigh,4,4,med,9,high,unacc
1501,high,vhigh,4,4,big,3,low,unacc
1502,high,vhigh,4,4,big,10,med,unacc
1503,high,vhigh,4,4,big,3,high,unacc
1504,high,vhigh,4,more,small,9,low,unacc
1505,high,vhigh,4,more,small,3,med,unacc
1506,high,vhigh,4,more,small,2,high,unacc
1507,high,vhigh,4,more,med,8,low,unacc
1508,high,vhigh,4,more,med,6,med,unacc
1509,high,vhigh,4,more,med,2,high,unacc
1510,high,vhigh,4,more,big,8,low,unacc
1511,high,vhigh,4,more,big,4,med,unacc
1512,high,vhigh,4,more,big,2,high,unacc
1513,high,vhigh,5more,2,small,1,low,unacc
1514,high,vhigh,5more,2,small,5,med,unacc
1515,high,vhigh,5more,2,small,2,high,unacc
1516,high,vhigh,5more,2,med,9,low,unacc
1517,high,vhigh,5more,2,med,7,med,unacc
1518,high,vhigh,5more,2,med,5,high,unacc
1519,high,vhigh,5more,2,big,6,low,unacc
1520,high,vhigh,5more,2,big,10,med,unacc
1521,high,vhigh,5more,2,big,1,high,unacc
1522,high,vhigh,5more,4,small,2,low,unacc
1523,high,vhigh,5more,4,small,10,med,unacc
1524,high,vhigh,5more,4,small,10,high,unacc
1525,high,vhigh,5more,4,med,3,low,unacc
1526,high,vhigh,5more,4,med,10,med,unacc
1527,high,vhigh,5more,4,med,2,high,unacc
1528,high,vhigh,5more,4,big,9,low,unacc
1529,high,vhigh,5more,4,big,5,med,unacc
1530,high,vhigh,5more,4,big,4,high,unacc
1531,high,vhigh,5more,more,small,6,low,unacc
1532,high,vhigh,5more,more,small,5,med,unacc
1533,high,vhigh,5more,more,small,9,high,unacc
1534,high,vhigh,5more,more,med,10,low,unacc
1535,high,vhigh,5more,more,med,10,med,unacc
1536,high,vhigh,5more,more,med,10,high,unacc
1537,high,vhigh,5more,more,big,1,low,unacc
1538,high,vhigh,5more,more,big,5,med,unacc
1539,high,vhigh,5more,more,big,9,high,unacc
1540,high,high,2,2,small,1,low,unacc
1541,high,high,2,2,small,5,med,unacc
1542,high,high,2,2,small,4,high,unacc
1543,high,high,2,2,med,3,low,unacc
1544,high,high,2,2,med,4,med,unacc
1545,high,high,2,2,med,9,high,unacc
1546,high,high,2,2,big,4,low,unacc
1547,high,high,2,2,big,8,med,unacc
1548,high,high,2,2,big,9,high,unacc
1549,high,high,2,4,small,5,low,unacc
1550,high,high,2,4,small,4,med,unacc
1551,high,high,2,4,small,7,high,acc
1552,high,high,2,4,med,5,low,unacc
1553,high,high,2,4,med,4,med,unacc
1554,high,high,2,4,med,9,high,acc
1555,high,high,2,4,big,9,low,unacc
1556,high,high,2,4,big,4,med,acc
1557,high,high,2,4,big,3,high,acc
1558,high,high,2,more,small,8,low,unacc
1559,high,high,2,more,small,1,med,unacc
1560,high,high,2,more,small,3,high,unacc
1561,high,high,2,more,med,3,low,unacc
1562,high,high,2,more,med,9,med,unacc
1563,high,high,2,more,med,6,high,acc
1564,high,high,2,more,big,4,low,unacc
1565,high,high,2,more,big,2,med,acc
1566,high,high,2,more,big,4,high,acc
1567,high,high,3,2,small,6,low,unacc
1568,high,high,3,2,small,2,med,unacc
1569,high,high,3,2,small,9,high,unacc
1570,high,high,3,2,med,7,low,unacc
1571,high,high,3,2,med,3,med,unacc
1572,high,high,3,2,med,2,high,unacc
1573,high,high,3,2,big,6,low,unacc
1574,high,high,3,2,big,10,med,unacc
1575,high,high,3,2,big,5,high,unacc
1576,high,high,3,4,small,4,low,unacc
1577,high,high,3,4,small,4,med,unacc
1578,high,high,3,4,small,9,high,acc
1579,high,high,3,4,med,8,low,unacc
1580,high,high,3,4,med,5,med,unacc
1581,high,high,3,4,med,8,high,acc
1582,high,high,3,4,big,10,low,unacc
1583,high,high,3,4,big,7,med,acc
1584,high,high,3,4,big,5,high,acc
1585,high,high,3,more,small,6,low,unacc
1586,high,high,3,more,small,3,med,unacc
1587,high,high,3,more,small,6,high,acc
1588,high,high,3,more,med,2,low,unacc
1589,high,high,3,more,med,7,med,acc
1590,high,high,3,more,med,4,high,acc
1591,high,high,3,more,big,5,low,unacc
1592,high,high,3,more,big,7,med,acc
1593,high,high,3,more,big,7,high,acc
1594,high,high,4,2,small,1,low,unacc
1595,high,high,4,2,small,10,med,unacc
1596,high,high,4,2,small,10,high,unacc
1597,high,high,4,2,med,1,low,unacc
1598,high,high,4,2,med,4,med,unacc
1599,high,high,4,2,med,10,high,unacc
1600,high,high,4,2,big,2,low,unacc
1601,high,high,4,2,big,1,med,unacc
1602,high,high,4,2,big,8,high,unacc
1603,high,high,4,4,small,7,low,unacc
1604,high,high,4,4,small,6,med,unacc
1605,high,high,4,4,small,9,high,acc
1606,high,high,4,4,med,5,low,unacc
1607,high,high,4,4,med,4,med,acc
1608,high,high,4,4,med,10,high,acc
1609,high,high,4,4,big,6,low,unacc
1610,high,high,4,4,big,9,med,acc
1611,high,high,4,4,big,2,high,acc
1612,high,high,4,more,small,2,low,unacc
1613,high,high,4,more,small,9,med,unacc
1614,high,high,4,more,small,5,high,acc
1615,high,high,4,more,med,4,low,unacc
1616,high,high,4,more,med,1,med,acc
1617,high,high,4,more,med,4,high,acc
1618,high,high,4,more,big,1,low,unacc
1619,high,high,4,more,big,5,med,acc
1620,high,high,4,more,big,5,high,acc
1621,high,high,5more,2,small,2,low,unacc
1622,high,high,5more,2,small,5,med,unacc
1623,high,high,5more,2,small,3,high,unacc
1624,high,high,5more,2,med,8,low,unacc
1625,high,high,5more,2,med,3,med,unacc
1626,high,high,5more,2,med,2,high,unacc
1627,high,high,5more,2,big,5,low,unacc
1628,high,high,5more,2,big,2,med,unacc
1629,high,high,5more,2,big,9,high,unacc
1630,high,high,5more,4,small,3,low,unacc
1631,high,high,5more,4,small,2,med,unacc
1632,high,high,5more,4,small,9,high,acc
1633,high,high,5more,4,med,4,low,unacc
1634,high,high,5more,4,med,6,med,acc
1635,high,high,5more,4,med,1,high,acc
1636,high,high,5more,4,big,7,low,unacc
1637,high,high,5more,4,big,9,med,acc
1638,high,high,5more,4,big,7,high,acc
1639,high,high,5more,more,small,3,low,unacc
1640,high,high,5more,more,small,10,med,unacc
1641,high,high,5more,more,small,3,high,acc
1642,high,high,5more,more,med,8,low,unacc
1643,high,high,5more,more,med,2,med,acc
1644,high,high,5more,more,med,10,high,acc
1645,high,high,5more,more,big,5,low,unacc
1646,high,high,5more,more,big,4,med,acc
1647,high,high,5more,more,big,3,high,acc
1648,high,med,2,2,small,6,low,unacc
1649,high,med,2,2,small,3,med,unacc
1650,high,med,2,2,small,3,high,unacc
1651,high,med,2,2,med,3,low,unacc
1652,high,med,2,2,med,9,med,unacc
1653,high,med,2,2,med,3,high,unacc
1654,high,med,2,2,big,7,low,unacc
1655,high,med,2,2,big,6,med,unacc
1656,high,med,2,2,big,3,high,unacc
1657,high,med,2,4,small,10,low,unacc
1658,high,med,2,4,small,7,med,unacc
1659,high,med,2,4,small,7,high,acc
1660,high,med,2,4,med,6,low,unacc
1661,high,med,2,4,med,7,med,unacc
1662,high,med,2,4,med,2,high,acc
1663,high,med,2,4,big,2,low,unacc
1664,high,med,2,4,big,4,med,acc
1665,high,med,2,4,big,3,high,acc
1666,high,med,2,more,small,10,low,unacc
1667,high,med,2,more,small,8,med,unacc
1668,high,med,2,more,small,8,high,unacc
1669,high,med,2,more,med,5,low,unacc
1670,high,med,2,more,med,8,med,unacc
1671,high,med,2,more,med,10,high,acc
1672,high,med,2,more,big,1,low,unacc
1673,high,med,2,more,big,3,med,acc
1674,high,med,2,more,big,1,high,acc
1675,high,med,3,2,small,5,low,unacc
1676,high,med,3,2,small,3,med,unacc
1677,high,med,3,2,small,4,high,unacc
1678,high,med,3,2,med,7,low,unacc
1679,high,med,3,2,med,7,med,unacc
1680,high,med,3,2,med,4,high,unacc
1681,high,med,3,2,big,3,low,unacc
1682,high,med,3,2,big,7,med,unacc
1683,high,med,3,2,big,10,high,unacc
1684,high,med,3,4,small,2,low,unacc
1685,high,med,3,4,small,6,med,unacc
1686,high,med,3,4,small,2,high,acc
1687,high,med,3,4,med,8,low,unacc
1688,high,med,3,4,med,7,med,unacc
1689,high,med,3,4,med,9,high,acc
1690,high,med,3,4,big,8,low,unacc
1691,high,med,3,4,big,1,med,acc
1692,high,med,3,4,big,7,high,acc
1693,high,med,3,more,small,2,low,unacc
1694,high,med,3,more,small,3,med,unacc
1695,high,med,3,more,small,6,high,acc
1696,high,med,3,more,med,5,low,unacc
1697,high,med,3,more,med,1,med,acc
1698,high,med,3,more,med,4,high,acc
1699,high,med,3,more,big,6,low,unacc
1700,high,med,3,more,big,1,med,acc
1701,high,med,3,more,big,10,high,acc
1702,high,med,4,2,small,2,low,unacc
1703,high,med,4,2,small,4,med,unacc
1704,high,med,4,2,small,2,high,unacc
1705,high,med,4,2,med,3,low,unacc
1706,high,med,4,2,med,5,med,unacc
1707,high,med,4,2,med,4,high,unacc
1708,high,med,4,2,big,9,low,unacc
1709,high,med,4,2,big,1,med,unacc
1710,high,med,4,2,big,10,high,unacc
1711,high,med,4,4,small,10,low,unacc
1712,high,med,4,4,small,9,med,unacc
1713,high,med,4,4,small,3,high,acc
1714,high,med,4,4,med,1,low,unacc
1715,high,med,4,4,med,7,med,acc
1716,high,med,4,4,med,2,high,acc
1717,high,med,4,4,big,2,low,unacc
1718,high,med,4,4,big,1,med,acc
1719,high,med,4,4,big,7,high,acc
1720,high,med,4,more,small,6,low,unacc
1721,high,med,4,more,small,8,med,unacc
1722,high,med,4,more,small,2,high,acc
1723,high,med,4,more,med,3,low,unacc
1724,high,med,4,more,med,8,med,acc
1725,high,med,4,more,med,5,high,acc
1726,high,med,4,more,big,2,low,unacc
1727,high,med,4,more,big,1,med,acc
1728,high,med,4,more,big,2,high,acc
1729,high,med,5more,2,small,2,low,unacc
1730,high,med,5more,2,small,2,med,unacc
1731,high,med,5more,2,small,2,high,unacc
1732,high,med,5more,2,med,6,low,unacc
1733,high,med,5more,2,med,7,med,unacc
1734,high,med,5more,2,med,2,high,unacc
1735,high,med,5more,2,big,3,low,unacc
1736,high,med,5more,2,big,3,med,unacc
1737,high,med,5more,2,big,6,high,unacc
1738,high,med,5more,4,small,1,low,unacc
1739,high,med,5more,4,small,2,med,unacc
1740,high,med,5more,4,small,5,high,acc
1741,high,med,5more,4,med,6,low,unacc
1742,high,med,5more,4,med,7,med,acc
1743,high,med,5more,4,med,10,high,acc
1744,high,med,5more,4,big,4,low,unacc
1745,high,med,5more,4,big,8,med,acc
1746,high,med,5more,4,big,3,high,acc
1747,high,med,5more,more,small,2,low,unacc
1748,high,med,5more,more,small,10,med,unacc
1749,high,med,5more,more,small,10,high,acc
1750,high,med,5more,more,med,4,low,unacc
1751,high,med,5more,more,med,8,med,acc
1752,high,med,5more,more,med,5,high,acc
1753,high,med,5more,more,big,8,low,unacc
1754,high,med,5more,more,big,8,med,acc
1755,high,med,5more,more,big,4,high,acc
1756,high,low,2,2,small,10,low,unacc
1757,high,low,2,2,small,4,med,unacc
1758,high,low,2,2,small,8,high,unacc
1759,high,low,2,2,med,1,low,unacc
1760,high,low,2,2,med,10,med,unacc
1761,high,low,2,2,med,10,high,unacc
1762,high,low,2,2,big,5,low,unacc
1763,high,low,2,2,big,7,med,unacc
1764,high,low,2,2,big,1,high,unacc
1765,high,low,2,4,small,5,low,unacc
1766,high,low,2,4,small,8,med,unacc
1767,high,low,2,4,small,8,high,acc
1768,high,low,2,4,med,6,low,unacc
1769,high,low,2,4,med,8,med,unacc
1770,high,low,2,4,med,7,high,acc
1771,high,low,2,4,big,9,low,unacc
1772,high,low,2,4,big,2,med,acc
1773,high,low,2,4,big,8,high,acc
1774,high,low,2,more,small,5,low,unacc
1775,high,low,2,more,small,8,med,unacc
1776,high,low,2,more,small,6,high,unacc
1777,high,low,2,more,med,4,low,unacc
1778,high,low,2,more,med,5,med,unacc
1779,high,low,2,more,med,9,high,acc
1780,high,low,2,more,big,1,low,unacc
1781,high,low,2,more,big,2,med,acc
1782,high,low,2,more,big,2,high,acc
1783,high,low,3,2,small,6,low,unacc
1784,high,low,3,2,small,1,med,unacc
1785,high,low,3,2,small,10,high,unacc
1786,high,low,3,2,med,5,low,unacc
1787,high,low,3,2,med,9,med,unacc
1788,high,low,3,2,med,2,high,unacc
1789,high,low,3,2,big,10,low,unacc
1790,high,low,3,2,big,2,med,unacc
1791,high,low,3,2,big,3,high,unacc
1792,high,low,3,4,small,9,low,unacc
1793,high,low,3,4,small,9,med,unacc
1794,high,low,3,4,small,10,high,acc
1795,high,low,3,4,med,5,low,unacc
1796,high,low,3,4,med,1,med,unacc
1797,high,low,3,4,med,7,high,acc
1798,high,low,3,4,big,1,low,unacc
1799,high,low,3,4,big,2,med,acc
1800,high,low,3,4,big,1,high,acc
1801,high,low,3,more,small,9,low,unacc
1802,high,low,3,more,small,4,med,unacc
1803,high,low,3,more,small,2,high,acc
1804,high,low,3,more,med,5,low,unacc
1805,high,low,3,more,med,6,med,acc
1806,high,low,3,more,med,7,high,acc
1807,high,low,3,more,big,5,low,unacc
1808,high,low,3,more,big,2,med,acc
1809,high,low,3,more,big,4,high,acc
1810,high,low,4,2,small,6,low,unacc
1811,high,low,4,2,small,3,med,unacc
1812,high,low,4,2,small,10,high,unacc
1813,high,low,4,2,med,3,low,unacc
1814,high,low,4,2,med,10,med,unacc
1815,high,low,4,2,med,4,high,unacc
1816,high,low,4,2,big,7,low,unacc
1817,high,low,4,2,big,10,med,unacc
1818,high,low,4,2,big,9,high,unacc
1819,high,low,4,4,small,9,low,unacc
1820,high,low,4,4,small,2,med,unacc
1821,high,low,4,4,small,8,high,acc
1822,high,low,4,4,med,6,low,unacc
1823,high,low,4,4,med,4,med,acc
1824,high,low,4,4,med,7,high,acc
1825,high,low,4,4,big,4,low,unacc
1826,high,low,4,4,big,5,med,acc
1827,high,low,4,4,big,6,high,acc
1828,high,low,4,more,small,2,low,unacc
1829,high,low,4,more,small,6,med,unacc
1830,high,low,4,more,small,10,high,acc
1831,high,low,4,more,med,6,low,unacc
1832,high,low,4,more,med,5,med,acc
1833,high,low,4,more,med,4,high,acc
1834,high,low,4,more,big,1,low,unacc
1835,high,low,4,more,big,5,med,acc
1836,high,low,4,more,big,7,high,acc
1837,high,low,5more,2,small,6,low,unacc
1838,high,low,5more,2,small,2,med,unacc
1839,high,low,5more,2,small,9,high,unacc
1840,high,low,5more,2,med,4,low,unacc
1841,high,low,5more,2,med,8,med,unacc
1842,high,low,5more,2,med,10,high,unacc
1843,high,low,5more,2,big,1,low,unacc
1844,high,low,5more,2,big,5,med,unacc
1845,high,low,5more,2,big,10,high,unacc
1846,high,low,5more,4,small,9,low,unacc
1847,high,low,5more,4,small,3,med,unacc
1848,high,low,5more,4,small,1,high,acc
1849,high,low,5more,4,med,3,low,unacc
1850,high,low,5more,4,med,9,med,acc
1851,high,low,5more,4,med,4,high,acc
1852,high,low,5more,4,big,7,low,unacc
1853,high,low,5more,4,big,1,med,acc
1854,high,low,5more,4,big,6,high,acc
1855,high,low,5more,more,small,7,low,unacc
1856,high,low,5more,more,small,10,med,unacc
1857,high,low,5more,more,small,2,high,acc
1858,high,low,5more,more,med,6,low,unacc
1859,high,low,5more,more,med,3,med,acc
1860,high,low,5more,more,med,5,high,acc
1861,high,low,5more,more,big,6,low,unacc
1862,high,low,5more,more,big,7,med,acc
1863,high,low,5more,more,big,4,high,acc
1864,med,vhigh,2,2,small,1,low,unacc
1865,med,vhigh,2,2,small,3,med,unacc
1866,med,vhigh,2,2,small,4,high,unacc
1867,med,vhigh,2,2,med,9,low,unacc
1868,med,vhigh,2,2,med,3,med,unacc
1869,med,vhigh,2,2,med,5,high,unacc
1870,med,vhigh,2,2,big,3,low,unacc
1871,med,vhigh,2,2,big,4,med,unacc
1872,med,vhigh,2,2,big,4,high,unacc
1873,med,vhigh,2,4,small,6,low,unacc
1874,med,vhigh,2,4,small,9,med,unacc
1875,med,vhigh,2,4,small,10,high,acc
1876,med,vhigh,2,4,med,1,low,unacc
1877,med,vhigh,2,4,med,4,med,unacc
1878,med,vhigh,2,4,med,5,high,acc
1879,med,vhigh,2,4,big,2,low,unacc
1880,med,vhigh,2,4,big,10,med,acc
1881,med,vhigh,2,4,big,7,high,acc
1882,med,vhigh,2,more,small,3,low,unacc
1883,med,vhigh,2,more,small,2,med,unacc
1884,med,vhigh,2,more,small,4,high,unacc
1885,med,vhigh,2,more,med,8,low,unacc
1886,med,vhigh,2,more,med,7,med,unacc
1887,med,vhigh,2,more,med,6,high,acc
1888,med,vhigh,2,more,big,4,low,unacc
1889,med,vhigh,2,more,big,9,med,acc
1890,med,vhigh,2,more,big,3,high,acc
1891,med,vhigh,3,2,small,10,low,unacc
1892,med,vhigh,3,2,small,1,med,unacc
1893,med,vhigh,3,2,small,7,high,unacc
1894,med,vhigh,3,2,med,8,low,unacc
1895,med,vhigh,3,2,med,2,med,unacc
1896,med,vhigh,3,2,med,6,high,unacc
1897,med,vhigh,3,2,big,3,low,unacc
1898,med,vhigh,3,2,big,10,med,unacc
1899,med,vhigh,3,2,big,6,high,unacc
1900,med,vhigh,3,4,small,4,low,unacc
1901,med,vhigh,3,4,small,9,med,unacc
1902,med,vhigh,3,4,small,8,high,acc
1903,med,vhigh,3,4,med,5,low,unacc
1904,med,vhigh,3,4,med,9,med,unacc
1905,med,vhigh,3,4,med,8,high,acc
1906,med,vhigh,3,4,big,6,low,unacc
1907,med,vhigh,3,4,big,10,med,acc
1908,med,vhigh,3,4,big,3,high,acc
1909,med,vhigh,3,more,small,3,low,unacc
1910,med,vhigh,3,more,small,1,med,unacc
1911,med,vhigh,3,more,small,9,high,acc
1912,med,vhigh,3,more,med,5,low,unacc
1913,med,vhigh,3,more,med,6,med,acc
1914,med,vhigh,3,more,med,7,high,acc
1915,med,vhigh,3,more,big,3,low,unacc
1916,med,vhigh,3,more,big,4,med,acc
1917,med,vhigh,3,more,big,8,high,acc
1918,med,vhigh,4,2,small,9,low,unacc
1919,med,vhigh,4,2,small,4,med,unacc
1920,med,vhigh,4,2,small,6,high,unacc
1921,med,vhigh,4,2,med,1,low,unacc
1922,med,vhigh,4,2,med,8,med,unacc
1923,med,vhigh,4,2,med,5,high,unacc
1924,med,vhigh,4,2,big,5,low,unacc
1925,med,vhigh,4,2,big,7,med,unacc
1926,med,vhigh,4,2,big,1,high,unacc
1927,med,vhigh,4,4,small,10,low,unacc
1928,med,vhigh,4,4,small,6,med,unacc
1929,med,vhigh,4,4,small,6,high,acc
1930,med,vhigh,4,4,med,8,low,unacc
1931,med,vhigh,4,4,med,4,med,acc
1932,med,vhigh,4,4,med,5,high,acc
1933,med,vhigh,4,4,big,1,low,unacc
1934,med,vhigh,4,4,big,3,med,acc
1935,med,vhigh,4,4,big,2,high,acc
1936,med,vhigh,4,more,small,6,low,unacc
1937,med,vhigh,4,more,small,8,med,unacc
1938,med,vhigh,4,more,small,5,high,acc
1939,med,vhigh,4,more,med,2,low,unacc
1940,med,vhigh,4,more,med,1,med,acc
1941,med,vhigh,4,more,med,3,high,acc
1942,med,vhigh,4,more,big,10,low,unacc
1943,med,vhigh,4,more,big,9,med,acc
1944,med,vhigh,4,more,big,3,high,acc
1945,med,vhigh,5more,2,small,9,low,unacc
1946,med,vhigh,5more,2,small,10,med,unacc
1947,med,vhigh,5more,2,small,1,high,unacc
1948,med,vhigh,5more,2,med,4,low,unacc
1949,med,vhigh,5more,2,med,9,med,unacc
1950,med,vhigh,5more,2,med,9,high,unacc
1951,med,vhigh,5more,2,big,6,low,unacc
1952,med,vhigh,5more,2,big,2,med,unacc
1953,med,vhigh,5more,2,big,6,high,unacc
1954,med,vhigh,5more,4,small,7,low,unacc
1955,med,vhigh,5more,4,small,2,med,unacc
1956,med,vhigh,5more,4,small,2,high,acc
1957,med,vhigh,5more,4,med,2,low,unacc
1958,med,vhigh,5more,4,med,3,med,acc
1959,med,vhigh,5more,4,med,1,high,acc
1960,med,vhigh,5more,4,big,1,low,unacc
1961,med,vhigh,5more,4,big,10,med,acc
1962,med,vhigh,5more,4,big,7,high,acc
1963,med,vhigh,5more,more,small,1,low,unacc
1964,med,vhigh,5more,more,small,9,med,unacc
1965,med,vhigh,5more,more,small,2,high,acc
1966,med,vhigh,5more,more,med,1,low,unacc
1967,med,vhigh,5more,more,med,4,med,acc
1968,med,vhigh,5more,more,med,7,high,acc
1969,med,vhigh,5more,more,big,10,low,unacc
1970,med,vhigh,5more,more,big,10,med,acc
1971,med,vhigh,5more,more,big,4,high,acc
1972,med,high,2,2,small,5,low,unacc
1973,med,high,2,2,small,4,med,unacc
1974,med,high,2,2,small,9,high,unacc
1975,med,high,2,2,med,6,low,unacc
1976,med,high,2,2,med,8,med,unacc
1977,med,high,2,2,med,7,high,unacc
1978,med,high,2,2,big,4,low,unacc
1979,med,high,2,2,big,4,med,unacc
1980,med,high,2,2,big,9,high,unacc
1981,med,high,2,4,small,2,low,unacc
1982,med,high,2,4,small,10,med,unacc
1983,med,high,2,4,small,8,high,acc
1984,med,high,2,4,med,2,low,unacc
1985,med,high,2,4,med,5,med,unacc
1986,med,high,2,4,med,5,high,acc
1987,med,high,2,4,big,1,low,unacc
1988,med,high,2,4,big,9,med,acc
1989,med,high,2,4,big,8,high,acc
1990,med,high,2,more,small,3,low,unacc
1991,med,high,2,more,small,9,med,unacc
1992,med,high,2,more,small,3,high,unacc
1993,med,high,2,more,med,7,low,unacc
1994,med,high,2,more,med,1,med,unacc
1995,med,high,2,more,med,5,high,acc
1996,med,high,2,more,big,4,low,unacc
1997,med,high,2,more,big,6,med,acc
1998,med,high,2,more,big,4,high,acc
1999,med,high,3,2,small,6,low,unacc
2000,med,high,3,2,small,10,med,unacc
2001,med,high,3,2,small,6,high,unacc
2002,med,high,3,2,med,8,low,unacc
2003,med,high,3,2,med,3,med,unacc
2004,med,high,3,2,med,10,high,unacc
2005,med,high,3,2,big,10,low,unacc
2006,med,high,3,2,big,1,med,unacc
2007,med,high,3,2,big,10,high,unacc
2008,med,high,3,4,small,10,low,unacc
2009,med,high,3,4,small,7,med,unacc
2010,med,high,3,4,small,6,high,acc
2011,med,high,3,4,med,1,low,unacc
2012,med,high,3,4,med,7,med,unacc
2013,med,high,3,4,med,3,high,acc
2014,med,high,3,4,big,6,low,unacc
2015,med,high,3,4,big,6,med,acc
2016,med,high,3,4,big,5,high,acc
2017,med,high,3,more,small,1,low,unacc
2018,med,high,3,more,small,7,med,unacc
2019,med,high,3,more,small,2,high,acc
2020,med,high,3,more,med,8,low,unacc
2021,med,high,3,more,med,2,med,acc
2022,med,high,3,more,med,5,high,acc
2023,med,high,3,more,big,10,low,unacc
2024,med,high,3,more,big,3,med,acc
2025,med,high,3,more,big,8,high,acc
2026,med,high,4,2,small,5,low,unacc
2027,med,high,4,2,small,10,med,unacc
2028,med,high,4,2,small,1,high,unacc
2029,med,high,4,2,med,10,low,unacc
2030,med,high,4,2,med,2,med,unacc
2031,med,high,4,2,med,4,high,unacc
2032,med,high,4,2,big,6,low,unacc
2033,med,high,4,2,big,9,med,unacc
2034,med,high,4,2,big,4,high,unacc
2035,med,high,4,4,small,1,low,unacc
2036,med,high,4,4,small,6,med,unacc
2037,med,high,4,4,small,10,high,acc
2038,med,high,4,4,med,8,low,unacc
2039,med,high,4,4,med,7,med,acc
2040,med,high,4,4,med,10,high,acc
2041,med,high,4,4,big,7,low,unacc
2042,med,high,4,4,big,6,med,acc
2043,med,high,4,4,big,7,high,acc
2044,med,high,4,more,small,2,low,unacc
2045,med,high,4,more,small,3,med,unacc
2046,med,high,4,more,small,10,high,acc
2047,med,high,4,more,med,5,low,unacc
2048,med,high,4,more,med,5,med,acc
2049,med,high,4,more,med,1,high,acc
2050,med,high,4,more,big,3,low,unacc
2051,med,high,4,more,big,5,med,acc
2052,med,high,4,more,big,10,high,acc
2053,med,high,5more,2,small,3,low,unacc
2054,med,high,5more,2,small,6,med,unacc
2055,med,high,5more,2,small,7,high,unacc
2056,med,high,5more,2,med,5,low,unacc
2057,med,high,5more,2,med,3,med,unacc
2058,med,high,5more,2,med,5,high,unacc
2059,med,high,5more,2,big,8,low,unacc
2060,med,high,5more,2,big,7,med,unacc
2061,med,high,5more,2,big,8,high,unacc
2062,med,high,5more,4,small,1,low,unacc
2063,med,high,5more,4,small,1,med,unacc
2064,med,high,5more,4,small,7,high,acc
2065,med,high,5more,4,med,2,low,unacc
2066,med,high,5more,4,med,1,med,acc
2067,med,high,5more,4,med,10,high,acc
2068,med,high,5more,4,big,4,low,unacc
2069,med,high,5more,4,big,8,med,acc
2070,med,high,5more,4,big,10,high,acc
2071,med,high,5more,more,small,8,low,unacc
2072,med,high,5more,more,small,8,med,unacc
2073,med,high,5more,more,small,3,high,acc
2074,med,high,5more,more,med,6,low,unacc
2075,med,high,5more,more,med,5,med,acc
2076,med,high,5more,more,med,8,high,acc
2077,med,high,5more,more,big,4,low,unacc
2078,med,high,5more,more,big,8,med,acc
2079,med,high,5more,more,big,1,high,acc
2080,med,med,2,2,small,6,low,unacc
2081,med,med,2,2,small,6,med,unacc
2082,med,med,2,2,small,6,high,unacc
2083,med,med,2,2,med,3,low,unacc
2084,med,med,2,2,med,6,med,unacc
2085,med,med,2,2,med,5,high,unacc
2086,med,med,2,2,big,4,low,unacc
2087,med,med,2,2,big,7,med,unacc
2088,med,med,2,2,big,2,high,unacc
2089,med,med,2,4,small,7,low,unacc
2090,med,med,2,4,small,8,med,acc
2091,med,med,2,4,small,9,high,acc
2092,med,med,2,4,med,6,low,unacc
2093,med,med,2,4,med,5,med,acc
2094,med,med,2,4,med,7,high,acc
2095,med,med,2,4,big,1,low,unacc
2096,med,med,2,4,big,7,med,acc
2097,med,med,2,4,big,9,high,vgood
2098,med,med,2,more,small,5,low,unacc
2099,med,med,2,more,small,4,med,unacc
2100,med,med,2,more,small,7,high,unacc
2101,med,med,2,more,med,10,low,unacc
2102,med,med,2,more,med,7,med,acc
2103,med,med,2,more,med,1,high,acc
2104,med,med,2,more,big,10,low,unacc
2105,med,med,2,more,big,4,med,acc
2106,med,med,2,more,big,4,high,vgood
2107,med,med,3,2,small,8,low,unacc
2108,med,med,3,2,small,5,med,unacc
2109,med,med,3,2,small,1,high,unacc
2110,med,med,3,2,med,2,low,unacc
2111,med,med,3,2,med,4,med,unacc
2112,med,med,3,2,med,1,high,unacc
2113,med,med,3,2,big,5,low,unacc
2114,med,med,3,2,big,3,med,unacc
2115,med,med,3,2,big,6,high,unacc
2116,med,med,3,4,small,10,low,unacc
2117,med,med,3,4,small,6,med,acc
2118,med,med,3,4,small,9,high,acc
2119,med,med,3,4,med,7,low,unacc
2120,med,med,3,4,med,4,med,acc
2121,med,med,3,4,med,4,high,acc
2122,med,med,3,4,big,10,low,unacc
2123,med,med,3,4,big,4,med,acc
2124,med,med,3,4,big,6,high,vgood
2125,med,med,3,more,small,2,low,unacc
2126,med,med,3,more,small,6,med,acc
2127,med,med,3,more,small,3,high,acc
2128,med,med,3,more,med,1,low,unacc
2129,med,med,3,more,med,7,med,acc
2130,med,med,3,more,med,2,high,vgood
2131,med,med,3,more,big,8,low,unacc
2132,med,med,3,more,big,4,med,acc
2133,med,med,3,more,big,6,high,vgood
2134,med,med,4,2,small,4,low,unacc
2135,med,med,4,2,small,1,med,unacc
2136,med,med,4,2,small,1,high,unacc
2137,med,med,4,2,med,9,low,unacc
2138,med,med,4,2,med,5,med,unacc
2139,med,med,4,2,med,6,high,unacc
2140,med,med,4,2,big,3,low,unacc
2141,med,med,4,2,big,3,med,unacc
2142,med,med,4,2,big,7,high,unacc
2143,med,med,4,4,small,2,low,unacc
2144,med,med,4,4,small,4,med,acc
2145,med,med,4,4,small,5,high,acc
2146,med,med,4,4,med,10,low,unacc
2147,med,med,4,4,med,10,med,acc
2148,med,med,4,4,med,6,high,vgood
2149,med,med,4,4,big,9,low,unacc
2150,med,med,4,4,big,2,med,acc
2151,med,med,4,4,big,9,high,vgood
2152,med,med,4,more,small,6,low,unacc
2153,med,med,4,more,small,5,med,acc
2154,med,med,4,more,small,4,high,acc
2155,med,med,4,more,med,6,low,unacc
2156,med,med,4,more,med,6,med,acc
2157,med,med,4,more,med,6,high,vgood
2158,med,med,4,more,big,2,low,unacc
2159,med,med,4,more,big,10,med,acc
2160,med,med,4,more,big,9,high,vgood
2161,med,med,5more,2,small,4,low,unacc
2162,med,med,5more,2,small,2,med,unacc
2163,med,med,5more,2,small,5,high,unacc
2164,med,med,5more,2,med,5,low,unacc
2165,med,med,5more,2,med,7,med,unacc
2166,med,med,5more,2,med,3,high,unacc
2167,med,med,5more,2,big,3,low,unacc
2168,med,med,5more,2,big,5,med,unacc
2169,med,med,5more,2,big,9,high,unacc
2170,med,med,5more,4,small,5,low,unacc
2171,med,med,5more,4,small,9,med,acc
2172,med,med,5more,4,small,9,high,acc
2173,med,med,5more,4,med,6,low,unacc
2174,med,med,5more,4,med,3,med,acc
2175,med,med,5more,4,med,1,high,vgood
2176,med,med,5more,4,big,2,low,unacc
2177,med,med,5more,4,big,6,med,acc
2178,med,med,5more,4,big,1,high,vgood
2179,med,med,5more,more,small,6,low,unacc
2180,med,med,5more,more,small,2,med,acc
2181,med,med,5more,more,small,5,high,acc
2182,med,med,5more,more,med,10,low,unacc
2183,med,med,5more,more,med,2,med,acc
2184,med,med,5more,more,med,5,high,vgood
2185,med,med,5more,more,big,9,low,unacc
2186,med,med,5more,more,big,9,med,acc
2187,med,med,5more,more,big,4,high,vgood
2188,med,low,2,2,small,4,low,unacc
2189,med,low,2,2,small,4,med,unacc
2190,med,low,2,2,small,4,high,unacc
2191,med,low,2,2,med,9,low,unacc
2192,med,low,2,2,med,2,med,unacc
2193,med,low,2,2,med,6,high,unacc
2194,med,low,2,2,big,7,low,unacc
2195,med,low,2,2,big,2,med,unacc
2196,med,low,2,2,big,3,high,unacc
2197,med,low,2,4,small,4,low,unacc
2198,med,low,2,4,small,4,med,acc
2199,med,low,2,4,small,10,high,good
2200,med,low,2,4,med,9,low,unacc
2201,med,low,2,4,med,10,med,acc
2202,med,low,2,4,med,10,high,good
2203,med,low,2,4,big,2,low,unacc
2204,med,low,2,4,big,2,med,good
2205,med,low,2,4,big,10,high,vgood
2206,med,low,2,more,small,3,low,unacc
2207,med,low,2,more,small,3,med,unacc
2208,med,low,2,more,small,5,high,unacc
2209,med,low,2,more,med,5,low,unacc
2210,med,low,2,more,med,2,med,acc
2211,med,low,2,more,med,4,high,good
2212,med,low,2,more,big,8,low,unacc
2213,med,low,2,more,big,7,med,good
2214,med,low,2,more,big,9,high,vgood
2215,med,low,3,2,small,5,low,unacc
2216,med,low,3,2,small,1,med,unacc
2217,med,low,3,2,small,8,high,unacc
2218,med,low,3,2,med,2,low,unacc
2219,med,low,3,2,med,2,med,unacc
2220,med,low,3,2,med,3,high,unacc
2221,med,low,3,2,big,10,low,unacc
2222,med,low,3,2,big,8,med,unacc
2223,med,low,3,2,big,1,high,unacc
2224,med,low,3,4,small,10,low,unacc
2225,med,low,3,4,small,1,med,acc
2226,med,low,3,4,small,2,high,good
2227,med,low,3,4,med,9,low,unacc
2228,med,low,3,4,med,3,med,acc
2229,med,low,3,4,med,7,high,good
2230,med,low,3,4,big,9,low,unacc
2231,med,low,3,4,big,9,med,good
2232,med,low,3,4,big,3,high,vgood
2233,med,low,3,more,small,3,low,unacc
2234,med,low,3,more,small,6,med,acc
2235,med,low,3,more,small,9,high,good
2236,med,low,3,more,med,7,low,unacc
2237,med,low,3,more,med,10,med,good
2238,med,low,3,more,med,5,high,vgood
2239,med,low,3,more,big,3,low,unacc
2240,med,low,3,more,big,5,med,good
2241,med,low,3,more,big,5,high,vgood
2242,med,low,4,2,small,9,low,unacc
2243,med,low,4,2,small,6,med,unacc
2244,med,low,4,2,small,9,high,unacc
2245,med,low,4,2,med,3,low,unacc
2246,med,low,4,2,med,6,med,unacc
2247,med,low,4,2,med,10,high,unacc
2248,med,low,4,2,big,9,low,unacc
2249,med,low,4,2,big,4,med,unacc
2250,med,low,4,2,big,5,high,unacc
2251,med,low,4,4,small,1,low,unacc
2252,med,low,4,4,small,8,med,acc
2253,med,low,4,4,small,2,high,good
2254,med,low,4,4,med,6,low,unacc
2255,med,low,4,4,med,3,med,good
2256,med,low,4,4,med,3,high,vgood
2257,med,low,4,4,big,9,low,unacc
2258,med,low,4,4,big,1,med,good
2259,med,low,4,4,big,3,high,vgood
2260,med,low,4,more,small,9,low,unacc
2261,med,low,4,more,small,3,med,acc
2262,med,low,4,more,small,10,high,good
2263,med,low,4,more,med,6,low,unacc
2264,med,low,4,more,med,2,med,good
2265,med,low,4,more,med,5,high,vgood
2266,med,low,4,more,big,6,low,unacc
2267,med,low,4,more,big,7,med,good
2268,med,low,4,more,big,7,high,vgood
2269,med,low,5more,2,small,2,low,unacc
2270,med,low,5more,2,small,2,med,unacc
2271,med,low,5more,2,small,7,high,unacc
2272,med,low,5more,2,med,3,low,unacc
2273,med,low,5more,2,med,4,med,unacc
2274,med,low,5more,2,med,10,high,unacc
2275,med,low,5more,2,big,8,low,unacc
2276,med,low,5more,2,big,5,med,unacc
2277,med,low,5more,2,big,10,high,unacc
2278,med,low,5more,4,small,1,low,unacc
2279,med,low,5more,4,small,10,med,acc
2280,med,low,5more,4,small,10,high,good
2281,med,low,5more,4,med,1,low,unacc
2282,med,low,5more,4,med,3,med,good
2283,med,low,5more,4,med,10,high,vgood
2284,med,low,5more,4,big,8,low,unacc
2285,med,low,5more,4,big,5,med,good
2286,med,low,5more,4,big,2,high,vgood
2287,med,low,5more,more,small,9,low,unacc
2288,med,low,5more,more,small,4,med,acc
2289,med,low,5more,more,small,5,high,good
2290,med,low,5more,more,med,8,low,unacc
2291,med,low,5more,more,med,2,med,good
2292,med,low,5more,more,med,5,high,vgood
2293,med,low,5more,more,big,1,low,unacc
2294,med,low,5more,more,big,2,med,good
2295,med,low,5more,more,big,4,high,vgood
2296,low,vhigh,2,2,small,9,low,unacc
2297,low,vhigh,2,2,small,1,med,unacc
2298,low,vhigh,2,2,small,10,high,unacc
2299,low,vhigh,2,2,med,3,low,unacc
2300,low,vhigh,2,2,med,5,med,unacc
2301,low,vhigh,2,2,med,5,high,unacc
2302,low,vhigh,2,2,big,9,low,unacc
2303,low,vhigh,2,2,big,9,med,unacc
2304,low,vhigh,2,2,big,3,high,unacc
2305,low,vhigh,2,4,small,8,low,unacc
2306,low,vhigh,2,4,small,4,med,unacc
2307,low,vhigh,2,4,small,2,high,acc
2308,low,vhigh,2,4,med,8,low,unacc
2309,low,vhigh,2,4,med,7,med,unacc
2310,low,vhigh,2,4,med,10,high,acc
2311,low,vhigh,2,4,big,4,low,unacc
2312,low,vhigh,2,4,big,7,med,acc
2313,low,vhigh,2,4,big,8,high,acc
2314,low,vhigh,2,more,small,1,low,unacc
2315,low,vhigh,2,more,small,6,med,unacc
2316,low,vhigh,2,more,small,3,high,unacc
2317,low,vhigh,2,more,med,4,low,unacc
2318,low,vhigh,2,more,med,10,med,unacc
2319,low,vhigh,2,more,med,3,high,acc
2320,low,vhigh,2,more,big,1,low,unacc
2321,low,vhigh,2,more,big,6,med,acc
2322,low,vhigh,2,more,big,9,high,acc
2323,low,vhigh,3,2,small,5,low,unacc
2324,low,vhigh,3,2,small,1,med,unacc
2325,low,vhigh,3,2,small,8,high,unacc
2326,low,vhigh,3,2,med,2,low,unacc
2327,low,vhigh,3,2,med,6,med,unacc
2328,low,vhigh,3,2,med,9,high,unacc
2329,low,vhigh,3,2,big,1,low,unacc
2330,low,vhigh,3,2,big,4,med,unacc
2331,low,vhigh,3,2,big,2,high,unacc
2332,low,vhigh,3,4,small,1,low,unacc
2333,low,vhigh,3,4,small,5,med,unacc
2334,low,vhigh,3,4,small,3,high,acc
2335,low,vhigh,3,4,med,2,low,unacc
2336,low,vhigh,3,4,med,8,med,unacc
2337,low,vhigh,3,4,med,10,high,acc
2338,low,vhigh,3,4,big,8,low,unacc
2339,low,vhigh,3,4,big,2,med,acc
2340,low,vhigh,3,4,big,8,high,acc
2341,low,vhigh,3,more,small,2,low,unacc
2342,low,vhigh,3,more,small,5,med,unacc
2343,low,vhigh,3,more,small,1,high,acc
2344,low,vhigh,3,more,med,4,low,unacc
2345,low,vhigh,3,more,med,10,med,acc
2346,low,vhigh,3,more,med,2,high,acc
2347,low,vhigh,3,more,big,3,low,unacc
2348,low,vhigh,3,more,big,1,med,acc
2349,low,vhigh,3,more,big,3,high,acc
2350,low,vhigh,4,2,small,3,low,unacc
2351,low,vhigh,4,2,small,5,med,unacc
2352,low,vhigh,4,2,small,6,high,unacc
2353,low,vhigh,4,2,med,4,low,unacc
2354,low,vhigh,4,2,med,4,med,unacc
2355,low,vhigh,4,2,med,2,high,unacc
2356,low,vhigh,4,2,big,3,low,unacc
2357,low,vhigh,4,2,big,9,med,unacc
2358,low,vhigh,4,2,big,9,high,unacc
2359,low,vhigh,4,4,small,6,low,unacc
2360,low,vhigh,4,4,small,7,med,unacc
2361,low,vhigh,4,4,small,5,high,acc
2362,low,vhigh,4,4,med,2,low,unacc
2363,low,vhigh,4,4,med,10,med,acc
2364,low,vhigh,4,4,med,9,high,acc
2365,low,vhigh,4,4,big,9,low,unacc
2366,low,vhigh,4,4,big,4,med,acc
2367,low,vhigh,4,4,big,5,high,acc
2368,low,vhigh,4,more,small,6,low,unacc
2369,low,vhigh,4,more,small,10,med,unacc
2370,low,vhigh,4,more,small,7,high,acc
2371,low,vhigh,4,more,med,9,low,unacc
2372,low,vhigh,4,more,med,8,med,acc
2373,low,vhigh,4,more,med,10,high,acc
2374,low,vhigh,4,more,big,8,low,unacc
2375,low,vhigh,4,more,big,10,med,acc
2376,low,vhigh,4,more,big,10,high,acc
2377,low,vhigh,5more,2,small,8,low,unacc
2378,low,vhigh,5more,2,small,8,med,unacc
2379,low,vhigh,5more,2,small,4,high,unacc
2380,low,vhigh,5more,2,med,4,low,unacc
2381,low,vhigh,5more,2,med,2,med,unacc
2382,low,vhigh,5more,2,med,10,high,unacc
2383,low,vhigh,5more,2,big,3,low,unacc
2384,low,vhigh,5more,2,big,2,med,unacc
2385,low,vhigh,5more,2,big,2,high,unacc
2386,low,vhigh,5more,4,small,7,low,unacc
2387,low,vhigh,5more,4,small,3,med,unacc
2388,low,vhigh,5more,4,small,10,high,acc
2389,low,vhigh,5more,4,med,9,low,unacc
2390,low,vhigh,5more,4,med,2,med,acc
2391,low,vhigh,5more,4,med,5,high,acc
2392,low,vhigh,5more,4,big,9,low,unacc
2393,low,vhigh,5more,4,big,2,med,acc
2394,low,vhigh,5more,4,big,1,high,acc
2395,low,vhigh,5more,more,small,7,low,unacc
2396,low,vhigh,5more,more,small,1,med,unacc
2397,low,vhigh,5more,more,small,6,high,acc
2398,low,vhigh,5more,more,med,2,low,unacc
2399,low,vhigh,5more,more,med,8,med,acc
2400,low,vhigh,5more,more,med,5,high,acc
2401,low,vhigh,5more,more,big,3,low,unacc
2402,low,vhigh,5more,more,big,3,med,acc
2403,low,vhigh,5more,more,big,4,high,acc
2404,low,high,2,2,small,6,low,unacc
2405,low,high,2,2,small,6,med,unacc
2406,low,high,2,2,small,4,high,unacc
2407,low,high,2,2,med,9,low,unacc
2408,low,high,2,2,med,3,med,unacc
2409,low,high,2,2,med,2,high,unacc
2410,low,high,2,2,big,2,low,unacc
2411,low,high,2,2,big,5,med,unacc
2412,low,high,2,2,big,8,high,unacc
2413,low,high,2,4,small,6,low,unacc
2414,low,high,2,4,small,1,med,acc
2415,low,high,2,4,small,9,high,acc
2416,low,high,2,4,med,2,low,unacc
2417,low,high,2,4,med,5,med,acc
2418,low,high,2,4,med,6,high,acc
2419,low,high,2,4,big,1,low,unacc
2420,low,high,2,4,big,5,med,acc
2421,low,high,2,4,big,7,high,vgood
2422,low,high,2,more,small,4,low,unacc
2423,low,high,2,more,small,10,med,unacc
2424,low,high,2,more,small,5,high,unacc
2425,low,high,2,more,med,9,low,unacc
2426,low,high,2,more,med,5,med,acc
2427,low,high,2,more,med,10,high,acc
2428,low,high,2,more,big,5,low,unacc
2429,low,high,2,more,big,1,med,acc
2430,low,high,2,more,big,2,high,vgood
2431,low,high,3,2,small,3,low,unacc
2432,low,high,3,2,small,4,med,unacc
2433,low,high,3,2,small,6,high,unacc
2434,low,high,3,2,med,10,low,unacc
2435,low,high,3,2,med,5,med,unacc
2436,low,high,3,2,med,7,high,unacc
2437,low,high,3,2,big,3,low,unacc
2438,low,high,3,2,big,1,med,unacc
2439,low,high,3,2,big,10,high,unacc
2440,low,high,3,4,small,10,low,unacc
2441,low,high,3,4,small,8,med,acc
2442,low,high,3,4,small,9,high,acc
2443,low,high,3,4,med,5,low,unacc
2444,low,high,3,4,med,6,med,acc
2445,low,high,3,4,med,1,high,acc
2446,low,high,3,4,big,5,low,unacc
2447,low,high,3,4,big,9,med,acc
2448,low,high,3,4,big,2,high,vgood
2449,low,high,3,more,small,8,low,unacc
2450,low,high,3,more,small,2,med,acc
2451,low,high,3,more,small,6,high,acc
2452,low,high,3,more,med,1,low,unacc
2453,low,high,3,more,med,2,med,acc
2454,low,high,3,more,med,3,high,vgood
2455,low,high,3,more,big,9,low,unacc
2456,low,high,3,more,big,10,med,acc
2457,low,high,3,more,big,6,high,vgood
2458,low,high,4,2,small,2,low,unacc
2459,low,high,4,2,small,6,med,unacc
2460,low,high,4,2,small,9,high,unacc
2461,low,high,4,2,med,6,low,unacc
2462,low,high,4,2,med,5,med,unacc
2463,low,high,4,2,med,5,high,unacc
2464,low,high,4,2,big,9,low,unacc
2465,low,high,4,2,big,10,med,unacc
2466,low,high,4,2,big,1,high,unacc
2467,low,high,4,4,small,2,low,unacc
2468,low,high,4,4,small,3,med,acc
2469,low,high,4,4,small,7,high,acc
2470,low,high,4,4,med,9,low,unacc
2471,low,high,4,4,med,5,med,acc
2472,low,high,4,4,med,7,high,vgood
2473,low,high,4,4,big,8,low,unacc
2474,low,high,4,4,big,5,med,acc
2475,low,high,4,4,big,5,high,vgood
2476,low,high,4,more,small,2,low,unacc
2477,low,high,4,more,small,10,med,acc
2478,low,high,4,more,small,6,high,acc
2479,low,high,4,more,med,2,low,unacc
2480,low,high,4,more,med,8,med,acc
2481,low,high,4,more,med,4,high,vgood
2482,low,high,4,more,big,10,low,unacc
2483,low,high,4,more,big,6,med,acc
2484,low,high,4,more,big,2,high,vgood
2485,low,high,5more,2,small,2,low,unacc
2486,low,high,5more,2,small,9,med,unacc
2487,low,high,5more,2,small,7,high,unacc
2488,low,high,5more,2,med,2,low,unacc
2489,low,high,5more,2,med,10,med,unacc
2490,low,high,5more,2,med,5,high,unacc
2491,low,high,5more,2,big,10,low,unacc
2492,low,high,5more,2,big,9,med,unacc
2493,low,high,5more,2,big,4,high,unacc
2494,low,high,5more,4,small,10,low,unacc
2495,low,high,5more,4,small,10,med,acc
2496,low,high,5more,4,small,9,high,acc
2497,low,high,5more,4,med,10,low,unacc
2498,low,high,5more,4,med,5,med,acc
2499,low,high,5more,4,med,3,high,vgood
2500,low,high,5more,4,big,3,low,unacc
2501,low,high,5more,4,big,3,med,acc
2502,low,high,5more,4,big,9,high,vgood
2503,low,high,5more,more,small,1,low,unacc
2504,low,high,5more,more,small,4,med,acc
2505,low,high,5more,more,small,4,high,acc
2506,low,high,5more,more,med,4,low,unacc
2507,low,high,5more,more,med,9,med,acc
2508,low,high,5more,more,med,5,high,vgood
2509,low,high,5more,more,big,6,low,unacc
2510,low,high,5more,more,big,3,med,acc
2511,low,high,5more,more,big,4,high,vgood
2512,low,med,2,2,small,8,low,unacc
2513,low,med,2,2,small,3,med,unacc
2514,low,med,2,2,small,3,high,unacc
2515,low,med,2,2,med,7,low,unacc
2516,low,med,2,2,med,9,med,unacc
2517,low,med,2,2,med,3,high,unacc
2518,low,med,2,2,big,9,low,unacc
2519,low,med,2,2,big,4,med,unacc
2520,low,med,2,2,big,7,high,unacc
2521,low,med,2,4,small,2,low,unacc
2522,low,med,2,4,small,9,med,acc
2523,low,med,2,4,small,2,high,good
2524,low,med,2,4,med,3,low,unacc
2525,low,med,2,4,med,5,med,acc
2526,low,med,2,4,med,9,high,good
2527,low,med,2,4,big,4,low,unacc
2528,low,med,2,4,big,5,med,good
2529,low,med,2,4,big,1,high,vgood
2530,low,med,2,more,small,1,low,unacc
2531,low,med,2,more,small,3,med,unacc
2532,low,med,2,more,small,8,high,unacc
2533,low,med,2,more,med,7,low,unacc
2534,low,med,2,more,med,1,med,acc
2535,low,med,2,more,med,7,high,good
2536,low,med,2,more,big,4,low,unacc
2537,low,med,2,more,big,9,med,good
2538,low,med,2,more,big,2,high,vgood
2539,low,med,3,2,small,10,low,unacc
2540,low,med,3,2,small,10,med,unacc
2541,low,med,3,2,small,8,high,unacc
2542,low,med,3,2,med,2,low,unacc
2543,low,med,3,2,med,5,med,unacc
2544,low,med,3,2,med,3,high,unacc
2545,low,med,3,2,big,4,low,unacc
2546,low,med,3,2,big,9,med,unacc
2547,low,med,3,2,big,2,high,unacc
2548,low,med,3,4,small,4,low,unacc
2549,low,med,3,4,small,5,med,acc
2550,low,med,3,4,small,8,high,good
2551,low,med,3,4,med,6,low,unacc
2552,low,med,3,4,med,6,med,acc
2553,low,med,3,4,med,4,high,good
2554,low,med,3,4,big,8,low,unacc
2555,low,med,3,4,big,3,med,good
2556,low,med,3,4,big,5,high,vgood
2557,low,med,3,more,small,6,low,unacc
2558,low,med,3,more,small,3,med,acc
2559,low,med,3,more,small,7,high,good
2560,low,med,3,more,med,2,low,unacc
2561,low,med,3,more,med,1,med,good
2562,low,med,3,more,med,9,high,vgood
2563,low,med,3,more,big,1,low,unacc
2564,low,med,3,more,big,7,med,good
2565,low,med,3,more,big,3,high,vgood
2566,low,med,4,2,small,9,low,unacc
2567,low,med,4,2,small,9,med,unacc
2568,low,med,4,2,small,9,high,unacc
2569,low,med,4,2,med,3,low,unacc
2570,low,med,4,2,med,1,med,unacc
2571,low,med,4,2,med,8,high,unacc
2572,low,med,4,2,big,3,low,unacc
2573,low,med,4,2,big,10,med,unacc
2574,low,med,4,2,big,9,high,unacc
2575,low,med,4,4,small,8,low,unacc
2576,low,med,4,4,small,7,med,acc
2577,low,med,4,4,small,2,high,good
2578,low,med,4,4,med,1,low,unacc
2579,low,med,4,4,med,7,med,good
2580,low,med,4,4,med,3,high,vgood
2581,low,med,4,4,big,6,low,unacc
2582,low,med,4,4,big,9,med,good
2583,low,med,4,4,big,1,high,vgood
2584,low,med,4,more,small,2,low,unacc
2585,low,med,4,more,small,1,med,acc
2586,low,med,4,more,small,6,high,good
2587,low,med,4,more,med,7,low,unacc
2588,low,med,4,more,med,5,med,good
2589,low,med,4,more,med,7,high,vgood
2590,low,med,4,more,big,5,low,unacc
2591,low,med,4,more,big,1,med,good
2592,low,med,4,more,big,3,high,vgood
2593,low,med,5more,2,small,9,low,unacc
2594,low,med,5more,2,small,1,med,unacc
2595,low,med,5more,2,small,2,high,unacc
2596,low,med,5more,2,med,4,low,unacc
2597,low,med,5more,2,med,8,med,unacc
2598,low,med,5more,2,med,1,high,unacc
2599,low,med,5more,2,big,1,low,unacc
2600,low,med,5more,2,big,10,med,unacc
2601,low,med,5more,2,big,8,high,unacc
2602,low,med,5more,4,small,6,low,unacc
2603,low,med,5more,4,small,4,med,acc
2604,low,med,5more,4,small,3,high,good
2605,low,med,5more,4,med,10,low,unacc
2606,low,med,5more,4,med,1,med,good
2607,low,med,5more,4,med,2,high,vgood
2608,low,med,5more,4,big,8,low,unacc
2609,low,med,5more,4,big,6,med,good
2610,low,med,5more,4,big,8,high,vgood
2611,low,med,5more,more,small,7,low,unacc
2612,low,med,5more,more,small,4,med,acc
2613,low,med,5more,more,small,6,high,good
2614,low,med,5more,more,med,7,low,unacc
2615,low,med,5more,more,med,9,med,good
2616,low,med,5more,more,med,5,high,vgood
2617,low,med,5more,more,big,6,low,unacc
2618,low,med,5more,more,big,10,med,good
2619,low,med,5more,more,big,5,high,vgood
2620,low,low,2,2,small,1,low,unacc
2621,low,low,2,2,small,7,med,unacc
2622,low,low,2,2,small,3,high,unacc
2623,low,low,2,2,med,9,low,unacc
2624,low,low,2,2,med,8,med,unacc
2625,low,low,2,2,med,6,high,unacc
2626,low,low,2,2,big,9,low,unacc
2627,low,low,2,2,big,5,med,unacc
2628,low,low,2,2,big,10,high,unacc
2629,low,low,2,4,small,2,low,unacc
2630,low,low,2,4,small,6,med,acc
2631,low,low,2,4,small,8,high,good
2632,low,low,2,4,med,9,low,unacc
2633,low,low,2,4,med,5,med,acc
2634,low,low,2,4,med,10,high,good
2635,low,low,2,4,big,8,low,unacc
2636,low,low,2,4,big,2,med,good
2637,low,low,2,4,big,2,high,vgood
2638,low,low,2,more,small,3,low,unacc
2639,low,low,2,more,small,10,med,unacc
2640,low,low,2,more,small,9,high,unacc
2641,low,low,2,more,med,6,low,unacc
2642,low,low,2,more,med,1,med,acc
2643,low,low,2,more,med,8,high,good
2644,low,low,2,more,big,8,low,unacc
2645,low,low,2,more,big,9,med,good
2646,low,low,2,more,big,9,high,vgood
2647,low,low,3,2,small,2,low,unacc
2648,low,low,3,2,small,7,med,unacc
2649,low,low,3,2,small,9,high,unacc
2650,low,low,3,2,med,7,low,unacc
2651,low,low,3,2,med,4,med,unacc
2652,low,low,3,2,med,1,high,unacc
2653,low,low,3,2,big,3,low,unacc
2654,low,low,3,2,big,6,med,unacc
2655,low,low,3,2,big,9,high,unacc
2656,low,low,3,4,small,4,low,unacc
2657,low,low,3,4,small,9,med,acc
2658,low,low,3,4,small,2,high,good
2659,low,low,3,4,med,5,low,unacc
2660,low,low,3,4,med,9,med,acc
2661,low,low,3,4,med,8,high,good
2662,low,low,3,4,big,7,low,unacc
2663,low,low,3,4,big,8,med,good
2664,low,low,3,4,big,10,high,vgood
2665,low,low,3,more,small,5,low,unacc
2666,low,low,3,more,small,8,med,acc
2667,low,low,3,more,small,4,high,good
2668,low,low,3,more,med,1,low,unacc
2669,low,low,3,more,med,5,med,good
2670,low,low,3,more,med,8,high,vgood
2671,low,low,3,more,big,9,low,unacc
2672,low,low,3,more,big,5,med,good
2673,low,low,3,more,big,5,high,vgood
2674,low,low,4,2,small,2,low,unacc
2675,low,low,4,2,small,3,med,unacc
2676,low,low,4,2,small,5,high,unacc
2677,low,low,4,2,med,9,low,unacc
2678,low,low,4,2,med,4,med,unacc
2679,low,low,4,2,med,5,high,unacc
2680,low,low,4,2,big,8,low,unacc
2681,low,low,4,2,big,8,med,unacc
2682,low,low,4,2,big,5,high,unacc
2683,low,low,4,4,small,9,low,unacc
2684,low,low,4,4,small,9,med,acc
2685,low,low,4,4,small,2,high,good
2686,low,low,4,4,med,6,low,unacc
2687,low,low,4,4,med,2,med,good
2688,low,low,4,4,med,4,high,vgood
2689,low,low,4,4,big,9,low,unacc
2690,low,low,4,4,big,2,med,good
2691,low,low,4,4,big,5,high,vgood
2692,low,low,4,more,small,3,low,unacc
2693,low,low,4,more,small,1,med,acc
2694,low,low,4,more,small,10,high,good
2695,low,low,4,more,med,10,low,unacc
2696,low,low,4,more,med,7,med,good
2697,low,low,4,more,med,5,high,vgood
2698,low,low,4,more,big,7,low,unacc
2699,low,low,4,more,big,10,med,good
2700,low,low,4,more,big,4,high,vgood
2701,low,low,5more,2,small,8,low,unacc
2702,low,low,5more,2,small,5,med,unacc
2703,low,low,5more,2,small,2,high,unacc
2704,low,low,5more,2,med,8,low,unacc
2705,low,low,5more,2,med,6,med,unacc
2706,low,low,5more,2,med,7,high,unacc
2707,low,low,5more,2,big,8,low,unacc
2708,low,low,5more,2,big,10,med,unacc
2709,low,low,5more,2,big,1,high,unacc
2710,low,low,5more,4,small,2,low,unacc
2711,low,low,5more,4,small,3,med,acc
2712,low,low,5more,4,small,3,high,good
2713,low,low,5more,4,med,1,low,unacc
2714,low,low,5more,4,med,4,med,good
2715,low,low,5more,4,med,8,high,vgood
2716,low,low,5more,4,big,10,low,unacc
2717,low,low,5more,4,big,5,med,good
2718,low,low,5more,4,big,7,high,vgood
2719,low,low,5more,more,small,8,low,unacc
2720,low,low,5more,more,small,8,med,acc
2721,low,low,5more,more,small,1,high,good
2722,low,low,5more,more,med,4,low,unacc
2723,low,low,5more,more,med,9,med,good
2724,low,low,5more,more,med,3,high,vgood
2725,low,low,5more,more,big,3,low,unacc
2726,low,low,5more,more,big,3,med,good
2727,low,low,5more,more,big,1,high,vgood
